"Chromosome","Start position","Reference","Variant","Label"
"chr1",10923472,"C","T","DNM"
"chr1",14372535,"G","T","DNM"
"chr1",22703993,"G","A","DNM"
"chr1",23117302,"C","A","DNM"
"chr1",26860231,"A","T","DNM"
"chr1",31609912,"T","G","DNM"
"chr1",35444525,"A","G","DNM"
"chr1",35849465,"G","A","DNM"
"chr1",41961316,"C","G","DNM"
"chr1",42548481,"C","T","DNM"
"chr1",52915585,"A","G","DNM"
"chr1",54109510,"T","C","DNM"
"chr1",64983911,"A","G","DNM"
"chr1",66434150,"T","C","DNM"
"chr1",70482689,"C","T","DNM"
"chr1",78108759,"T","G","DNM"
"chr1",80110393,"A","T","DNM"
"chr1",81977698,"G","T","cDNM"
"chr1",81977708,"A","T","cDNM"
"chr1",89009323,"C","T","DNM"
"chr1",96421153,"A","G","DNM"
"chr1",98997069,"C","T","DNM"
"chr1",106128573,"A","G","DNM"
"chr1",106728997,"G","A","DNM"
"chr1",106820643,"G","A","DNM"
"chr1",113724939,"C","T","DNM"
"chr1",116729653,"T","A","DNM"
"chr1",117883116,"G","A","DNM"
"chr1",119453062,"C","A","DNM"
"chr1",146762654,"A","G","DNM"
"chr1",152321073,"A","G","DNM"
"chr1",152341540,"C","A","DNM"
"chr1",155036260,"C","T","DNM"
"chr1",158585341,"C","T","DNM"
"chr1",168455916,"C","T","DNM"
"chr1",169507751,"T","A","DNM"
"chr1",174059176,"G","C","DNM"
"chr1",178005609,"T","G","DNM"
"chr1",179324862,"G","C","DNM"
"chr1",180565819,"A","G","DNM"
"chr1",181271126,"T","G","DNM"
"chr1",185825929,"A","G","DNM"
"chr1",185968507,"C","T","DNM"
"chr1",189686529,"C","A","DNM"
"chr1",189708727,"T","C","DNM"
"chr1",190955039,"T","C","DNM"
"chr1",192422972,"G","A","DNM"
"chr1",200436223,"A","T","cDNM"
"chr1",200436225,"T","C","cDNM"
"chr1",200519443,"T","G","DNM"
"chr1",204797548,"T","A","DNM"
"chr1",210131828,"C","T","DNM"
"chr1",215020255,"T","C","DNM"
"chr1",215100723,"G","A","DNM"
"chr1",216767123,"C","A","DNM"
"chr1",217441267,"G","A","DNM"
"chr1",219252084,"A","G","DNM"
"chr1",226485074,"T","C","DNM"
"chr1",226643431,"T","A","DNM"
"chr1",228947668,"G","A","DNM"
"chr1",231904214,"G","A","DNM"
"chr1",233054984,"G","A","DNM"
"chr1",233661027,"T","A","DNM"
"chr1",233738957,"C","T","DNM"
"chr1",233879751,"G","C","DNM"
"chr1",234224220,"C","T","DNM"
"chr1",236483132,"C","G","DNM"
"chr1",237249600,"G","C","DNM"
"chr1",238221017,"A","G","DNM"
"chr2",2811083,"C","T","DNM"
"chr2",3744446,"C","A","DNM"
"chr2",7008612,"G","A","DNM"
"chr2",7582496,"C","T","DNM"
"chr2",8395497,"G","A","DNM"
"chr2",8755600,"G","A","DNM"
"chr2",10095904,"G","A","DNM"
"chr2",12879359,"C","T","DNM"
"chr2",13104956,"A","G","DNM"
"chr2",20269753,"G","T","DNM"
"chr2",21940641,"C","T","DNM"
"chr2",24816264,"A","G","DNM"
"chr2",25418948,"G","A","DNM"
"chr2",25457155,"C","T","DNM"
"chr2",26351041,"C","G","DNM"
"chr2",27100779,"T","C","DNM"
"chr2",27360036,"A","G","DNM"
"chr2",28299704,"C","G","DNM"
"chr2",30045161,"C","T","DNM"
"chr2",33333567,"C","T","DNM"
"chr2",33356252,"G","A","DNM"
"chr2",36289555,"C","T","DNM"
"chr2",41373027,"A","G","DNM"
"chr2",49366988,"C","T","DNM"
"chr2",49771638,"C","T","DNM"
"chr2",54948490,"G","A","DNM"
"chr2",57089696,"C","T","DNM"
"chr2",57588738,"T","C","DNM"
"chr2",61850723,"C","T","DNM"
"chr2",69390138,"A","G","DNM"
"chr2",71569212,"T","G","DNM"
"chr2",78307429,"T","G","DNM"
"chr2",78945140,"G","A","DNM"
"chr2",81686636,"A","C","DNM"
"chr2",82338210,"A","C","DNM"
"chr2",100501551,"T","C","DNM"
"chr2",104490588,"G","A","DNM"
"chr2",105571509,"G","A","DNM"
"chr2",105852826,"G","A","DNM"
"chr2",108249408,"G","A","DNM"
"chr2",108591164,"A","T","DNM"
"chr2",110328612,"T","C","cDNM"
"chr2",110328613,"T","C","cDNM"
"chr2",114941730,"G","A","DNM"
"chr2",116710420,"G","A","DNM"
"chr2",117060966,"A","G","DNM"
"chr2",117437001,"G","A","DNM"
"chr2",122762046,"A","C","DNM"
"chr2",123162432,"C","T","DNM"
"chr2",124605846,"C","T","DNM"
"chr2",126907118,"C","T","DNM"
"chr2",137868644,"G","C","DNM"
"chr2",138496587,"G","A","DNM"
"chr2",138908823,"G","T","DNM"
"chr2",139866123,"G","A","DNM"
"chr2",144253074,"A","G","DNM"
"chr2",144769744,"C","T","DNM"
"chr2",149978188,"G","T","DNM"
"chr2",151117471,"G","C","DNM"
"chr2",155699386,"G","A","DNM"
"chr2",156444505,"A","T","DNM"
"chr2",159035040,"G","A","DNM"
"chr2",160768358,"C","A","DNM"
"chr2",167483056,"G","A","DNM"
"chr2",168085178,"A","G","DNM"
"chr2",169975603,"A","G","DNM"
"chr2",174126342,"T","C","DNM"
"chr2",175421942,"C","G","DNM"
"chr2",175783028,"G","A","DNM"
"chr2",178203418,"A","G","DNM"
"chr2",179131088,"T","C","DNM"
"chr2",180149303,"A","G","DNM"
"chr2",180971778,"T","C","DNM"
"chr2",182903859,"A","G","DNM"
"chr2",183089124,"T","G","DNM"
"chr2",185281391,"A","G","DNM"
"chr2",186438432,"C","T","DNM"
"chr2",189283133,"C","T","DNM"
"chr2",190449148,"T","C","DNM"
"chr2",194516526,"G","A","DNM"
"chr2",194516717,"T","G","DNM"
"chr2",195137005,"C","G","DNM"
"chr2",196159589,"C","A","DNM"
"chr2",196758027,"C","T","DNM"
"chr2",197791183,"C","T","DNM"
"chr2",201181483,"T","G","DNM"
"chr2",204380378,"A","C","DNM"
"chr2",204911437,"G","A","DNM"
"chr2",204930401,"C","T","DNM"
"chr2",206485209,"G","A","DNM"
"chr2",206974089,"A","G","DNM"
"chr2",208454441,"G","A","DNM"
"chr2",209976018,"C","T","DNM"
"chr2",211454104,"T","C","DNM"
"chr2",212375752,"A","G","DNM"
"chr2",219151527,"G","T","DNM"
"chr2",223711181,"C","G","DNM"
"chr2",235619452,"C","G","DNM"
"chr2",236600693,"C","G","DNM"
"chr2",240967891,"C","T","DNM"
"chr2",241835203,"G","T","DNM"
"chr2",241926959,"C","A","DNM"
"chr3",2785788,"C","T","DNM"
"chr3",4669342,"A","T","DNM"
"chr3",5622796,"G","A","DNM"
"chr3",13688697,"C","T","DNM"
"chr3",24975134,"C","T","DNM"
"chr3",28415583,"A","C","DNM"
"chr3",29666343,"T","C","DNM"
"chr3",36967589,"C","T","DNM"
"chr3",38711550,"A","G","DNM"
"chr3",48603870,"G","A","DNM"
"chr3",52403519,"G","T","DNM"
"chr3",52547912,"C","G","DNM"
"chr3",57332428,"G","A","DNM"
"chr3",58008401,"C","T","DNM"
"chr3",59912929,"G","A","DNM"
"chr3",60303365,"G","A","DNM"
"chr3",68448373,"G","A","DNM"
"chr3",69681955,"T","C","DNM"
"chr3",72240139,"G","T","DNM"
"chr3",74068262,"G","A","DNM"
"chr3",77517288,"A","G","DNM"
"chr3",77658595,"G","T","DNM"
"chr3",79525115,"T","C","DNM"
"chr3",82236919,"A","G","DNM"
"chr3",82579797,"G","A","DNM"
"chr3",86924980,"C","T","DNM"
"chr3",87112218,"C","T","DNM"
"chr3",94852107,"C","T","DNM"
"chr3",96279316,"C","G","DNM"
"chr3",97410019,"C","T","DNM"
"chr3",99125569,"G","A","DNM"
"chr3",100883270,"C","A","DNM"
"chr3",101794017,"G","T","DNM"
"chr3",108569790,"C","A","DNM"
"chr3",108791466,"G","A","DNM"
"chr3",110517839,"G","A","DNM"
"chr3",111538110,"G","A","DNM"
"chr3",112340008,"G","C","DNM"
"chr3",112685485,"T","C","DNM"
"chr3",112987672,"C","T","DNM"
"chr3",114007107,"T","G","DNM"
"chr3",117521639,"C","T","DNM"
"chr3",119436685,"G","A","DNM"
"chr3",120994711,"C","T","DNM"
"chr3",121154272,"C","T","DNM"
"chr3",126225960,"A","G","DNM"
"chr3",128851208,"G","A","DNM"
"chr3",131480722,"C","T","DNM"
"chr3",132499902,"A","G","DNM"
"chr3",132940895,"G","A","DNM"
"chr3",135517036,"G","A","DNM"
"chr3",139417009,"T","G","DNM"
"chr3",139417080,"G","T","DNM"
"chr3",140124761,"T","C","DNM"
"chr3",146551174,"C","T","DNM"
"chr3",148472161,"C","T","DNM"
"chr3",150032708,"A","G","DNM"
"chr3",150293828,"C","G","DNM"
"chr3",152915235,"T","C","DNM"
"chr3",157642555,"T","C","DNM"
"chr3",158623859,"C","T","DNM"
"chr3",163911173,"G","A","DNM"
"chr3",165286724,"A","C","DNM"
"chr3",166176117,"C","A","DNM"
"chr3",185570737,"C","T","DNM"
"chr3",186413318,"C","T","DNM"
"chr3",187463107,"C","T","DNM"
"chr3",190928744,"T","C","DNM"
"chr3",190997680,"T","C","DNM"
"chr3",191953485,"G","T","DNM"
"chr3",193074706,"G","A","DNM"
"chr3",193139720,"C","A","DNM"
"chr3",197086788,"G","A","DNM"
"chr4",802350,"T","C","DNM"
"chr4",4473947,"G","T","DNM"
"chr4",5398498,"C","A","DNM"
"chr4",14522621,"T","A","DNM"
"chr4",18843846,"G","A","DNM"
"chr4",23393394,"G","A","DNM"
"chr4",25127846,"G","A","DNM"
"chr4",27598189,"C","A","DNM"
"chr4",28756989,"A","T","DNM"
"chr4",29672858,"A","T","DNM"
"chr4",34323995,"T","C","DNM"
"chr4",35756935,"T","G","DNM"
"chr4",36005432,"T","A","DNM"
"chr4",38726884,"A","G","DNM"
"chr4",38907871,"G","A","DNM"
"chr4",41536371,"A","G","DNM"
"chr4",43028266,"C","T","DNM"
"chr4",45413575,"A","G","DNM"
"chr4",54331729,"C","A","DNM"
"chr4",54713649,"A","G","DNM"
"chr4",58900172,"A","C","DNM"
"chr4",59517584,"C","T","DNM"
"chr4",60925090,"A","T","DNM"
"chr4",63757914,"T","G","DNM"
"chr4",67035156,"G","A","DNM"
"chr4",68991214,"T","A","DNM"
"chr4",72008314,"A","G","DNM"
"chr4",75953724,"G","A","DNM"
"chr4",78891473,"C","A","DNM"
"chr4",79741414,"C","T","DNM"
"chr4",93639078,"C","A","DNM"
"chr4",96581435,"G","A","DNM"
"chr4",97349838,"A","G","DNM"
"chr4",102411499,"C","T","DNM"
"chr4",102661648,"C","T","DNM"
"chr4",105111199,"G","A","DNM"
"chr4",105808280,"C","T","DNM"
"chr4",105907225,"G","A","DNM"
"chr4",107624702,"T","A","DNM"
"chr4",112109354,"G","A","DNM"
"chr4",114773444,"G","A","DNM"
"chr4",116858233,"C","G","DNM"
"chr4",120856845,"A","T","DNM"
"chr4",123836759,"C","G","DNM"
"chr4",131288244,"T","A","DNM"
"chr4",131567468,"C","T","DNM"
"chr4",132335625,"G","A","DNM"
"chr4",134242143,"T","C","DNM"
"chr4",135400524,"G","A","DNM"
"chr4",135492002,"G","T","DNM"
"chr4",136352210,"C","A","DNM"
"chr4",138403092,"G","A","DNM"
"chr4",139709064,"C","T","DNM"
"chr4",141357510,"T","C","DNM"
"chr4",143220322,"T","G","DNM"
"chr4",145403869,"C","T","DNM"
"chr4",149698393,"T","G","DNM"
"chr4",150806084,"G","T","DNM"
"chr4",154016381,"T","C","DNM"
"chr4",158040224,"C","A","DNM"
"chr4",161988857,"T","G","DNM"
"chr4",162198409,"G","A","DNM"
"chr4",164321006,"G","A","DNM"
"chr4",167375782,"C","T","DNM"
"chr4",167509223,"T","C","DNM"
"chr4",169262369,"A","G","DNM"
"chr4",177127848,"G","T","DNM"
"chr4",177459462,"C","T","DNM"
"chr4",181177165,"T","G","DNM"
"chr4",181671810,"G","A","DNM"
"chr4",185801630,"T","C","DNM"
"chr4",186632538,"T","C","DNM"
"chr4",188556605,"G","A","DNM"
"chr4",189136541,"G","A","DNM"
"chr4",189608812,"T","G","DNM"
"chr5",1642716,"G","A","DNM"
"chr5",1936727,"C","T","DNM"
"chr5",2869948,"T","C","DNM"
"chr5",3138557,"G","A","DNM"
"chr5",4347420,"C","T","DNM"
"chr5",4783786,"C","T","DNM"
"chr5",5627970,"G","A","DNM"
"chr5",5880652,"G","A","DNM"
"chr5",8571945,"G","A","DNM"
"chr5",8718371,"A","G","DNM"
"chr5",9597641,"G","A","DNM"
"chr5",10861218,"A","T","DNM"
"chr5",14565874,"A","G","DNM"
"chr5",15897778,"G","A","DNM"
"chr5",22676804,"G","T","DNM"
"chr5",23545529,"G","A","DNM"
"chr5",24275101,"C","T","DNM"
"chr5",26597872,"G","A","DNM"
"chr5",26656375,"C","G","DNM"
"chr5",28590076,"G","A","DNM"
"chr5",30864915,"G","A","DNM"
"chr5",32811773,"G","A","DNM"
"chr5",32956979,"G","A","DNM"
"chr5",34825921,"A","C","DNM"
"chr5",38512061,"G","C","DNM"
"chr5",38737265,"G","A","DNM"
"chr5",41038507,"G","A","DNM"
"chr5",41105195,"T","G","DNM"
"chr5",43143649,"G","A","DNM"
"chr5",45389990,"C","T","DNM"
"chr5",50400811,"C","T","DNM"
"chr5",51268059,"T","G","DNM"
"chr5",51895728,"C","T","DNM"
"chr5",53060944,"G","T","DNM"
"chr5",53871778,"A","C","DNM"
"chr5",56652416,"T","G","DNM"
"chr5",56908923,"G","A","DNM"
"chr5",67757811,"C","T","DNM"
"chr5",82757924,"C","A","DNM"
"chr5",83280581,"C","T","DNM"
"chr5",83740213,"C","T","DNM"
"chr5",85305817,"C","A","DNM"
"chr5",86044945,"G","T","DNM"
"chr5",93032165,"C","T","DNM"
"chr5",94509754,"A","G","DNM"
"chr5",97471954,"A","C","DNM"
"chr5",100643504,"A","C","DNM"
"chr5",100805181,"G","T","DNM"
"chr5",103406833,"T","A","DNM"
"chr5",103446057,"C","T","DNM"
"chr5",104577536,"C","T","DNM"
"chr5",105512006,"C","T","DNM"
"chr5",106974781,"G","A","DNM"
"chr5",108281305,"T","C","DNM"
"chr5",109368654,"G","T","DNM"
"chr5",111179520,"T","A","DNM"
"chr5",111342618,"G","A","DNM"
"chr5",113453582,"C","T","DNM"
"chr5",113701341,"C","T","DNM"
"chr5",123195716,"T","G","DNM"
"chr5",126495727,"C","T","DNM"
"chr5",126744279,"G","A","DNM"
"chr5",128252382,"T","C","DNM"
"chr5",131553721,"G","A","DNM"
"chr5",135049433,"C","T","DNM"
"chr5",135462769,"C","A","DNM"
"chr5",140730969,"A","G","DNM"
"chr5",140737466,"C","T","DNM"
"chr5",143847987,"G","T","DNM"
"chr5",149617779,"C","T","DNM"
"chr5",151542096,"C","T","DNM"
"chr5",155216847,"G","A","DNM"
"chr5",158594104,"C","G","DNM"
"chr5",160802222,"G","C","DNM"
"chr5",163675222,"C","T","DNM"
"chr5",165455607,"C","T","DNM"
"chr5",166195550,"T","G","DNM"
"chr5",169094774,"A","G","DNM"
"chr5",171096165,"T","C","DNM"
"chr5",174249314,"G","A","DNM"
"chr5",176008911,"T","C","DNM"
"chr6",242762,"A","G","DNM"
"chr6",1289471,"C","A","DNM"
"chr6",6341762,"G","A","DNM"
"chr6",9288844,"A","T","DNM"
"chr6",9289370,"C","T","DNM"
"chr6",9290331,"T","A","DNM"
"chr6",9290846,"A","T","DNM"
"chr6",9298511,"T","C","DNM"
"chr6",9303714,"G","T","DNM"
"chr6",10003797,"T","C","DNM"
"chr6",12916295,"G","A","DNM"
"chr6",14002557,"G","A","DNM"
"chr6",17103206,"A","G","DNM"
"chr6",22737250,"G","A","DNM"
"chr6",23814192,"A","T","DNM"
"chr6",33791698,"C","T","DNM"
"chr6",39674281,"C","T","DNM"
"chr6",40494146,"C","T","DNM"
"chr6",41354344,"G","A","DNM"
"chr6",43672163,"G","T","DNM"
"chr6",50378927,"G","A","DNM"
"chr6",50861777,"C","T","DNM"
"chr6",52714610,"C","T","DNM"
"chr6",53033894,"G","A","DNM"
"chr6",53058214,"C","T","DNM"
"chr6",55843073,"A","T","DNM"
"chr6",56276483,"G","A","DNM"
"chr6",61885236,"C","G","DNM"
"chr6",63384022,"T","C","DNM"
"chr6",64137358,"T","G","DNM"
"chr6",65157185,"T","C","DNM"
"chr6",65779607,"C","T","DNM"
"chr6",65839381,"A","G","DNM"
"chr6",66926406,"G","A","DNM"
"chr6",67646214,"C","T","DNM"
"chr6",67686891,"G","C","DNM"
"chr6",67929552,"C","T","DNM"
"chr6",76251378,"A","G","DNM"
"chr6",77395954,"T","C","DNM"
"chr6",81718565,"T","G","DNM"
"chr6",81913462,"C","A","DNM"
"chr6",85073382,"G","A","DNM"
"chr6",85956920,"G","T","DNM"
"chr6",86183195,"G","A","DNM"
"chr6",86539339,"C","T","DNM"
"chr6",86676979,"G","T","DNM"
"chr6",90134787,"C","T","DNM"
"chr6",95370849,"G","A","DNM"
"chr6",98388846,"C","G","DNM"
"chr6",101908070,"C","A","DNM"
"chr6",102591420,"C","T","DNM"
"chr6",103029980,"G","A","DNM"
"chr6",105727338,"A","G","DNM"
"chr6",109740508,"T","C","DNM"
"chr6",113078725,"C","T","DNM"
"chr6",114633219,"C","T","DNM"
"chr6",115399313,"A","G","DNM"
"chr6",115948957,"T","C","DNM"
"chr6",128373571,"C","T","DNM"
"chr6",129006274,"G","T","DNM"
"chr6",129647613,"A","C","DNM"
"chr6",130164950,"A","T","DNM"
"chr6",130198266,"A","C","DNM"
"chr6",135088889,"G","T","DNM"
"chr6",135862648,"C","T","DNM"
"chr6",140516510,"G","A","DNM"
"chr6",142573092,"G","T","DNM"
"chr6",146989471,"G","A","DNM"
"chr6",147233257,"C","A","DNM"
"chr6",160999836,"C","T","DNM"
"chr6",161145224,"A","G","DNM"
"chr6",161766390,"C","T","DNM"
"chr6",164733812,"G","A","DNM"
"chr6",169483634,"G","T","DNM"
"chr7",1322161,"C","A","DNM"
"chr7",2081441,"A","C","DNM"
"chr7",13377902,"G","A","DNM"
"chr7",13601132,"T","G","DNM"
"chr7",13682413,"G","T","DNM"
"chr7",14048010,"G","A","DNM"
"chr7",14886808,"C","T","DNM"
"chr7",15213718,"C","T","DNM"
"chr7",22097907,"G","A","DNM"
"chr7",23089532,"G","T","DNM"
"chr7",28387529,"C","T","DNM"
"chr7",35651698,"C","T","DNM"
"chr7",40033020,"C","T","DNM"
"chr7",42142227,"G","A","DNM"
"chr7",42900080,"T","A","DNM"
"chr7",49601628,"G","A","DNM"
"chr7",55462163,"G","A","DNM"
"chr7",65475858,"G","C","DNM"
"chr7",69018115,"C","T","DNM"
"chr7",79576386,"C","T","DNM"
"chr7",81361621,"A","T","DNM"
"chr7",82405965,"G","A","DNM"
"chr7",83588132,"T","C","DNM"
"chr7",84574095,"G","A","DNM"
"chr7",84866056,"C","T","DNM"
"chr7",85418479,"G","A","DNM"
"chr7",91181955,"G","A","DNM"
"chr7",96105085,"G","A","DNM"
"chr7",97222038,"A","G","DNM"
"chr7",107043593,"G","C","DNM"
"chr7",107646411,"T","C","DNM"
"chr7",111415838,"G","A","DNM"
"chr7",111462840,"C","A","DNM"
"chr7",114154793,"A","C","DNM"
"chr7",114161172,"T","C","DNM"
"chr7",114909749,"G","A","DNM"
"chr7",115161240,"A","G","DNM"
"chr7",116579427,"G","A","DNM"
"chr7",116932147,"G","A","DNM"
"chr7",118322541,"C","A","DNM"
"chr7",123291992,"C","A","DNM"
"chr7",123818238,"T","C","DNM"
"chr7",126053380,"T","A","DNM"
"chr7",129577067,"G","A","DNM"
"chr7",132240715,"A","G","DNM"
"chr7",136422141,"A","G","DNM"
"chr7",150446460,"C","A","DNM"
"chr7",153920183,"C","T","DNM"
"chr7",155921278,"G","A","DNM"
"chr8",4056436,"C","T","DNM"
"chr8",5149275,"C","T","DNM"
"chr8",6227972,"G","A","DNM"
"chr8",6473156,"A","G","DNM"
"chr8",12611278,"G","A","DNM"
"chr8",13706301,"G","A","DNM"
"chr8",15913021,"T","A","DNM"
"chr8",18800008,"A","G","DNM"
"chr8",22615433,"C","T","DNM"
"chr8",26954242,"C","T","DNM"
"chr8",28521640,"C","G","DNM"
"chr8",30090712,"G","A","DNM"
"chr8",30703949,"C","G","DNM"
"chr8",33506720,"C","T","DNM"
"chr8",34084585,"G","A","DNM"
"chr8",35334398,"G","T","DNM"
"chr8",36981628,"G","A","DNM"
"chr8",41771064,"A","G","DNM"
"chr8",47108961,"C","G","DNM"
"chr8",49175560,"G","A","DNM"
"chr8",55069860,"C","T","DNM"
"chr8",56272442,"G","A","DNM"
"chr8",56285018,"G","T","DNM"
"chr8",58529631,"T","G","DNM"
"chr8",60082507,"T","G","DNM"
"chr8",63787375,"T","A","DNM"
"chr8",65860591,"A","G","DNM"
"chr8",68094553,"T","C","DNM"
"chr8",70904798,"G","A","DNM"
"chr8",72585902,"G","T","DNM"
"chr8",73109700,"C","T","DNM"
"chr8",83804600,"A","C","DNM"
"chr8",87765859,"C","G","DNM"
"chr8",88175943,"G","A","DNM"
"chr8",90629773,"G","T","cDNM"
"chr8",90629774,"A","C","cDNM"
"chr8",92710760,"T","C","DNM"
"chr8",93292262,"A","T","DNM"
"chr8",95099185,"A","T","DNM"
"chr8",97793520,"A","G","DNM"
"chr8",100432507,"G","A","DNM"
"chr8",109043648,"T","C","DNM"
"chr8",110985278,"C","T","DNM"
"chr8",112008283,"T","C","DNM"
"chr8",118518973,"A","G","DNM"
"chr8",128316687,"T","G","DNM"
"chr8",131874849,"C","T","DNM"
"chr8",133106376,"C","T","DNM"
"chr8",134094686,"C","A","DNM"
"chr8",134512743,"C","A","DNM"
"chr8",137106809,"A","G","DNM"
"chr8",138293525,"G","T","DNM"
"chr8",138355344,"A","G","DNM"
"chr8",144183600,"G","A","DNM"
"chr9",2484453,"T","A","DNM"
"chr9",10283751,"T","G","DNM"
"chr9",11832953,"C","T","DNM"
"chr9",13510330,"T","C","DNM"
"chr9",13604898,"C","T","DNM"
"chr9",14803776,"T","C","DNM"
"chr9",18024029,"C","T","DNM"
"chr9",23078717,"C","T","DNM"
"chr9",23881937,"C","A","DNM"
"chr9",24386250,"G","A","DNM"
"chr9",26250194,"C","T","DNM"
"chr9",26975146,"G","A","DNM"
"chr9",28442493,"G","A","DNM"
"chr9",29364274,"G","A","DNM"
"chr9",34497928,"G","A","DNM"
"chr9",35218730,"G","A","DNM"
"chr9",71550595,"C","T","DNM"
"chr9",75412316,"C","T","DNM"
"chr9",76214353,"G","A","DNM"
"chr9",78347082,"G","A","DNM"
"chr9",78651497,"C","G","DNM"
"chr9",85951908,"G","C","DNM"
"chr9",86338506,"A","G","DNM"
"chr9",87162132,"G","A","DNM"
"chr9",89091483,"T","A","DNM"
"chr9",95694620,"C","T","DNM"
"chr9",98383508,"G","A","DNM"
"chr9",103553348,"A","G","DNM"
"chr9",105660998,"A","T","DNM"
"chr9",107164998,"G","A","DNM"
"chr9",107319725,"A","T","DNM"
"chr9",109485583,"A","C","DNM"
"chr9",114443496,"A","G","DNM"
"chr9",114706339,"G","A","DNM"
"chr9",115379557,"A","T","DNM"
"chr9",117273396,"G","A","DNM"
"chr9",121940845,"A","G","DNM"
"chr9",122602797,"T","C","DNM"
"chr9",129926722,"C","T","DNM"
"chr9",131041047,"G","T","DNM"
"chr9",131851319,"C","G","DNM"
"chr9",135433338,"T","C","DNM"
"chr10",5905526,"C","T","DNM"
"chr10",7853408,"A","G","DNM"
"chr10",9188748,"G","C","DNM"
"chr10",10870756,"G","A","DNM"
"chr10",13326526,"C","A","DNM"
"chr10",15115161,"C","T","DNM"
"chr10",15298014,"G","A","DNM"
"chr10",20119931,"T","G","DNM"
"chr10",20756283,"A","G","DNM"
"chr10",23857032,"G","A","DNM"
"chr10",33229605,"T","C","DNM"
"chr10",34212169,"G","A","DNM"
"chr10",43294268,"A","G","DNM"
"chr10",49391752,"G","A","DNM"
"chr10",52668575,"C","G","DNM"
"chr10",55505803,"A","C","DNM"
"chr10",57699837,"T","A","DNM"
"chr10",57885794,"A","G","DNM"
"chr10",58972917,"T","C","DNM"
"chr10",59170383,"C","A","DNM"
"chr10",60301048,"C","T","DNM"
"chr10",61014465,"C","T","DNM"
"chr10",61080098,"G","A","DNM"
"chr10",67804814,"G","A","DNM"
"chr10",79188884,"C","T","DNM"
"chr10",82602279,"A","G","DNM"
"chr10",90545376,"G","A","DNM"
"chr10",92306491,"A","C","DNM"
"chr10",98002260,"C","G","DNM"
"chr10",102942108,"C","T","DNM"
"chr10",103013180,"G","A","DNM"
"chr10",103815804,"G","C","DNM"
"chr10",106706993,"C","T","DNM"
"chr10",110373024,"C","A","DNM"
"chr10",113245109,"C","T","DNM"
"chr10",114627553,"A","G","DNM"
"chr10",116113815,"C","T","DNM"
"chr10",117768744,"G","A","DNM"
"chr10",127694745,"C","T","DNM"
"chr10",133249829,"G","A","DNM"
"chr10",133479452,"C","T","DNM"
"chr11",3695234,"G","A","DNM"
"chr11",7764570,"G","T","DNM"
"chr11",7983655,"T","C","DNM"
"chr11",10758735,"G","A","DNM"
"chr11",12059464,"A","G","DNM"
"chr11",12855494,"G","A","DNM"
"chr11",15579015,"G","T","DNM"
"chr11",17490462,"T","A","DNM"
"chr11",18528882,"C","T","DNM"
"chr11",19820734,"G","A","DNM"
"chr11",20360311,"G","T","DNM"
"chr11",21612804,"G","A","DNM"
"chr11",27168114,"C","T","DNM"
"chr11",30300444,"A","G","DNM"
"chr11",32182481,"G","A","DNM"
"chr11",38407179,"G","A","DNM"
"chr11",39232505,"C","T","DNM"
"chr11",40545870,"C","G","DNM"
"chr11",42226248,"C","A","DNM"
"chr11",44887444,"G","A","DNM"
"chr11",45802718,"G","A","DNM"
"chr11",56200502,"C","G","DNM"
"chr11",61373236,"C","T","DNM"
"chr11",64744525,"T","A","DNM"
"chr11",67365925,"G","A","DNM"
"chr11",71032049,"G","C","DNM"
"chr11",71900495,"C","G","DNM"
"chr11",80163799,"T","G","DNM"
"chr11",82698724,"T","C","DNM"
"chr11",85270439,"C","T","DNM"
"chr11",85706438,"T","A","DNM"
"chr11",86407515,"C","T","DNM"
"chr11",90791675,"C","T","DNM"
"chr11",90958298,"C","T","DNM"
"chr11",91203828,"G","A","DNM"
"chr11",92366952,"T","C","DNM"
"chr11",92575168,"C","A","DNM"
"chr11",92806592,"G","A","DNM"
"chr11",96956787,"C","T","DNM"
"chr11",99905565,"G","A","DNM"
"chr11",103986772,"C","T","DNM"
"chr11",104362780,"G","T","DNM"
"chr11",109389878,"G","A","DNM"
"chr11",112817092,"T","C","DNM"
"chr11",113022394,"C","T","DNM"
"chr11",114832239,"C","T","DNM"
"chr11",115237106,"C","T","DNM"
"chr11",115810157,"C","T","DNM"
"chr11",122700234,"G","A","DNM"
"chr11",125830152,"T","C","DNM"
"chr11",127073714,"T","G","DNM"
"chr11",127706694,"C","T","DNM"
"chr11",128609971,"C","A","DNM"
"chr11",132039507,"C","T","DNM"
"chr11",133524888,"G","A","DNM"
"chr12",1158046,"G","A","DNM"
"chr12",5729060,"C","A","DNM"
"chr12",10169450,"T","C","DNM"
"chr12",19718514,"C","T","DNM"
"chr12",20338318,"G","A","DNM"
"chr12",32013864,"T","C","DNM"
"chr12",44773339,"C","A","DNM"
"chr12",47013955,"A","C","DNM"
"chr12",52288833,"G","T","DNM"
"chr12",58679329,"C","A","DNM"
"chr12",60599796,"A","G","DNM"
"chr12",61212241,"G","A","DNM"
"chr12",63101402,"T","C","DNM"
"chr12",65224723,"C","T","DNM"
"chr12",71691551,"G","A","DNM"
"chr12",74758459,"T","C","DNM"
"chr12",75400419,"A","T","DNM"
"chr12",75697159,"A","C","DNM"
"chr12",77697307,"G","A","DNM"
"chr12",89920358,"A","G","DNM"
"chr12",98049062,"T","C","DNM"
"chr12",99382445,"G","C","DNM"
"chr12",99923038,"C","T","DNM"
"chr12",100337664,"T","C","DNM"
"chr12",101115183,"C","T","DNM"
"chr12",104304091,"T","G","DNM"
"chr12",114572366,"G","A","DNM"
"chr12",117495058,"C","A","DNM"
"chr12",126676101,"C","T","DNM"
"chr12",132086943,"G","A","DNM"
"chr12",132829397,"C","G","DNM"
"chr13",21347079,"A","C","DNM"
"chr13",21379584,"C","T","DNM"
"chr13",27757049,"C","T","DNM"
"chr13",29264437,"A","C","DNM"
"chr13",33287441,"A","G","DNM"
"chr13",35752849,"T","C","DNM"
"chr13",36231657,"A","G","DNM"
"chr13",38963166,"T","A","DNM"
"chr13",39182802,"A","G","DNM"
"chr13",39801115,"C","A","DNM"
"chr13",46146517,"C","T","DNM"
"chr13",50429695,"C","A","DNM"
"chr13",55759955,"C","A","DNM"
"chr13",55926792,"A","C","DNM"
"chr13",57853727,"A","C","DNM"
"chr13",62747726,"T","A","DNM"
"chr13",64970912,"A","T","DNM"
"chr13",66621759,"C","T","DNM"
"chr13",72386158,"G","C","DNM"
"chr13",74293218,"C","T","DNM"
"chr13",80731125,"G","A","DNM"
"chr13",81357851,"G","A","DNM"
"chr13",81391050,"T","C","DNM"
"chr13",84070616,"A","C","DNM"
"chr13",85896981,"C","T","DNM"
"chr13",86443291,"G","C","DNM"
"chr13",86577736,"A","C","DNM"
"chr13",89409053,"A","G","DNM"
"chr13",90913462,"G","A","DNM"
"chr13",93431221,"C","T","DNM"
"chr13",96951184,"T","A","DNM"
"chr13",97417045,"A","C","DNM"
"chr13",99041766,"G","A","DNM"
"chr13",99437097,"G","A","DNM"
"chr13",101433812,"C","T","DNM"
"chr13",101650591,"A","G","DNM"
"chr13",101879628,"C","A","DNM"
"chr13",105828789,"C","A","DNM"
"chr13",108578609,"G","A","DNM"
"chr13",112666653,"G","A","DNM"
"chr13",113899078,"C","T","DNM"
"chr14",21331734,"C","T","DNM"
"chr14",24177646,"G","A","DNM"
"chr14",27855978,"C","T","DNM"
"chr14",29962414,"G","T","DNM"
"chr14",31678149,"T","G","DNM"
"chr14",32773212,"G","T","DNM"
"chr14",39472000,"C","T","DNM"
"chr14",41224086,"A","G","DNM"
"chr14",41462683,"T","A","DNM"
"chr14",43036632,"T","A","DNM"
"chr14",46132831,"T","G","DNM"
"chr14",46714843,"G","A","DNM"
"chr14",54390090,"G","A","DNM"
"chr14",55412004,"T","C","DNM"
"chr14",56620140,"A","T","DNM"
"chr14",63820026,"A","T","DNM"
"chr14",66452755,"T","A","DNM"
"chr14",70431412,"C","T","DNM"
"chr14",76931035,"G","C","DNM"
"chr14",77245340,"C","T","DNM"
"chr14",79491825,"C","A","DNM"
"chr14",84209744,"A","G","DNM"
"chr14",85081116,"A","G","DNM"
"chr14",85508947,"G","A","DNM"
"chr14",86345419,"C","A","DNM"
"chr14",93170535,"G","A","DNM"
"chr14",95235731,"C","A","DNM"
"chr14",96180196,"C","G","DNM"
"chr14",99715694,"G","A","DNM"
"chr14",104452099,"G","C","DNM"
"chr15",36275547,"C","T","DNM"
"chr15",36680144,"G","A","DNM"
"chr15",37479166,"C","T","DNM"
"chr15",42439531,"G","T","DNM"
"chr15",44111738,"A","T","DNM"
"chr15",48654929,"G","A","DNM"
"chr15",52539078,"C","T","DNM"
"chr15",54063358,"G","A","DNM"
"chr15",55394902,"A","G","DNM"
"chr15",60353625,"C","T","DNM"
"chr15",64177511,"C","T","DNM"
"chr15",64579764,"C","T","DNM"
"chr15",67153091,"G","A","DNM"
"chr15",69047825,"T","A","DNM"
"chr15",69163724,"A","G","DNM"
"chr15",75104968,"C","T","DNM"
"chr15",84366542,"C","T","DNM"
"chr15",85843118,"T","G","DNM"
"chr15",88120534,"C","T","DNM"
"chr15",89100995,"G","A","DNM"
"chr15",91224547,"A","G","DNM"
"chr15",93750301,"C","T","DNM"
"chr15",94294355,"G","A","DNM"
"chr15",97159308,"C","A","DNM"
"chr15",98750154,"T","A","DNM"
"chr15",98793218,"G","A","DNM"
"chr16",6311594,"G","A","DNM"
"chr16",7835469,"C","T","DNM"
"chr16",8589560,"C","T","DNM"
"chr16",10165855,"G","A","DNM"
"chr16",13426375,"A","G","DNM"
"chr16",13626099,"T","C","DNM"
"chr16",14679588,"G","C","DNM"
"chr16",20691919,"T","C","DNM"
"chr16",24125260,"G","A","DNM"
"chr16",30702914,"G","A","DNM"
"chr16",34836878,"T","C","DNM"
"chr16",48259977,"C","T","DNM"
"chr16",48573823,"G","A","DNM"
"chr16",48655226,"C","T","DNM"
"chr16",49731240,"C","A","DNM"
"chr16",50326045,"G","A","DNM"
"chr16",50393110,"G","A","DNM"
"chr16",50899233,"G","A","DNM"
"chr16",51211972,"C","T","DNM"
"chr16",51699819,"G","A","DNM"
"chr16",61204455,"T","C","DNM"
"chr16",68461397,"C","T","DNM"
"chr16",70674532,"A","T","DNM"
"chr16",71361050,"C","T","DNM"
"chr16",73420459,"A","G","DNM"
"chr16",73456491,"T","C","DNM"
"chr16",75962480,"T","C","DNM"
"chr16",76879071,"C","A","DNM"
"chr16",80731071,"C","T","DNM"
"chr16",82223921,"G","A","DNM"
"chr16",82303944,"C","T","DNM"
"chr16",82986031,"T","C","DNM"
"chr16",83028792,"G","A","DNM"
"chr16",86328846,"T","C","DNM"
"chr16",86662489,"G","A","DNM"
"chr16",89223284,"C","T","DNM"
"chr17",3246565,"C","A","DNM"
"chr17",8962894,"C","T","DNM"
"chr17",21031091,"G","A","DNM"
"chr17",22237638,"C","A","DNM"
"chr17",25927643,"G","A","DNM"
"chr17",31424327,"C","G","DNM"
"chr17",32846793,"G","A","DNM"
"chr17",37091235,"A","G","DNM"
"chr17",49792730,"T","A","DNM"
"chr17",50609597,"C","T","DNM"
"chr17",50739802,"T","C","DNM"
"chr17",53638886,"G","A","DNM"
"chr17",77242804,"C","T","DNM"
"chr17",80870182,"C","T","DNM"
"chr18",1164170,"G","A","DNM"
"chr18",1864502,"A","C","DNM"
"chr18",4925412,"G","A","DNM"
"chr18",8291090,"A","C","DNM"
"chr18",10519413,"G","A","DNM"
"chr18",20485952,"C","T","DNM"
"chr18",22446755,"T","C","DNM"
"chr18",25029647,"A","G","DNM"
"chr18",26845129,"A","T","DNM"
"chr18",27862753,"C","T","DNM"
"chr18",29963067,"G","A","DNM"
"chr18",30898994,"C","A","DNM"
"chr18",31629464,"A","T","DNM"
"chr18",32097994,"C","T","DNM"
"chr18",32609673,"C","A","DNM"
"chr18",34118348,"A","T","DNM"
"chr18",35647350,"A","C","DNM"
"chr18",40791465,"A","C","DNM"
"chr18",40882107,"G","A","DNM"
"chr18",44722559,"A","G","DNM"
"chr18",49712815,"T","A","DNM"
"chr18",50062020,"G","A","DNM"
"chr18",50448571,"C","T","DNM"
"chr18",56979100,"C","T","DNM"
"chr18",63064148,"C","G","DNM"
"chr18",66449616,"A","C","DNM"
"chr18",73904033,"G","C","DNM"
"chr18",77146287,"G","A","DNM"
"chr19",6025385,"C","T","DNM"
"chr19",6056234,"G","A","DNM"
"chr19",11305795,"G","C","DNM"
"chr19",13341877,"G","A","DNM"
"chr19",20073609,"G","A","DNM"
"chr19",22099016,"A","G","DNM"
"chr19",29544453,"G","A","DNM"
"chr19",30025050,"C","T","DNM"
"chr19",30738553,"C","T","DNM"
"chr19",32439406,"G","T","DNM"
"chr19",36019825,"G","T","DNM"
"chr19",37355858,"G","C","DNM"
"chr19",41705602,"G","A","DNM"
"chr19",44221580,"T","A","DNM"
"chr19",44592523,"T","G","DNM"
"chr19",48911059,"C","T","DNM"
"chr19",52228475,"A","C","DNM"
"chr20",2182884,"C","T","DNM"
"chr20",7363489,"C","A","DNM"
"chr20",10409785,"C","T","DNM"
"chr20",11112964,"A","G","DNM"
"chr20",11114861,"A","G","DNM"
"chr20",11129724,"G","A","DNM"
"chr20",11137377,"A","C","DNM"
"chr20",11142091,"A","G","DNM"
"chr20",11146055,"A","G","DNM"
"chr20",11159727,"A","G","DNM"
"chr20",11159889,"G","A","DNM"
"chr20",11490384,"G","A","DNM"
"chr20",11841600,"C","T","DNM"
"chr20",12335106,"T","A","DNM"
"chr20",12769612,"A","C","DNM"
"chr20",13891913,"C","T","DNM"
"chr20",14431472,"G","A","DNM"
"chr20",18468633,"C","A","cDNM"
"chr20",18468640,"C","G","cDNM"
"chr20",22078469,"G","A","DNM"
"chr20",22760980,"C","T","DNM"
"chr20",24485088,"C","T","DNM"
"chr20",41125092,"C","T","DNM"
"chr20",42287217,"A","C","DNM"
"chr20",42895019,"C","A","DNM"
"chr20",51616998,"T","C","DNM"
"chr20",53985155,"A","G","DNM"
"chr20",54067076,"C","T","DNM"
"chr20",56405504,"G","T","DNM"
"chr20",58357778,"C","T","DNM"
"chr20",62555300,"G","A","DNM"
"chr21",18488200,"C","T","DNM"
"chr21",20434010,"T","G","DNM"
"chr21",23894372,"T","C","DNM"
"chr21",24448579,"G","A","DNM"
"chr21",24487880,"T","G","DNM"
"chr21",27951747,"T","G","DNM"
"chr21",28204712,"G","C","DNM"
"chr21",28545154,"A","G","DNM"
"chr21",29439376,"G","A","DNM"
"chr21",33370420,"C","T","DNM"
"chr21",38697840,"C","G","DNM"
"chr21",38723914,"A","T","DNM"
"chr21",47133393,"G","A","DNM"
"chr22",17280362,"A","T","DNM"
"chr22",23333414,"G","T","DNM"
"chr22",26049205,"A","C","DNM"
"chr22",28205046,"C","T","DNM"
"chr22",32301325,"C","T","DNM"
"chr22",34404341,"G","A","DNM"
"chr22",34992108,"G","A","DNM"
"chr22",35362854,"C","T","DNM"
"chr22",38260789,"G","A","DNM"
"chr22",45569725,"G","A","DNM"
"chr22",49293344,"G","A","DNM"
"chr22",49589208,"T","G","DNM"
"chr22",50024314,"A","G","DNM"
